pick,ev,rib_low,rib_high,pos_group,era
1,34.0,25.1044,42.8956,EDGE,2006–2015
2,25.0,16.1044,33.8956,EDGE,2006–2015
3,24.6,15.7044,33.4956,EDGE,2006–2015
4,24.6,15.7044,33.4956,EDGE,2006–2015
5,24.6,15.7044,33.4956,EDGE,2006–2015
6,24.6,15.7044,33.4956,EDGE,2006–2015
7,24.6,15.7044,33.4956,EDGE,2006–2015
8,24.6,15.7044,33.4956,EDGE,2006–2015
11,24.6,15.7044,33.4956,EDGE,2006–2015
13,24.6,15.7044,33.4956,EDGE,2006–2015
14,24.6,15.7044,33.4956,EDGE,2006–2015
15,24.6,15.7044,33.4956,EDGE,2006–2015
16,22.33333333333333,13.437733333333332,31.22893333333333,EDGE,2006–2015
17,18.572916666666664,9.677316666666664,27.468516666666662,EDGE,2006–2015
18,18.572916666666664,9.677316666666664,27.468516666666662,EDGE,2006–2015
19,18.572916666666664,9.677316666666664,27.468516666666662,EDGE,2006–2015
20,18.572916666666664,9.677316666666664,27.468516666666662,EDGE,2006–2015
21,18.572916666666664,9.677316666666664,27.468516666666662,EDGE,2006–2015
22,18.572916666666664,9.677316666666664,27.468516666666662,EDGE,2006–2015
23,18.572916666666664,9.677316666666664,27.468516666666662,EDGE,2006–2015
24,18.572916666666664,9.677316666666664,27.468516666666662,EDGE,2006–2015
25,18.572916666666664,9.677316666666664,27.468516666666662,EDGE,2006–2015
26,18.572916666666664,9.677316666666664,27.468516666666662,EDGE,2006–2015
28,18.572916666666664,9.677316666666664,27.468516666666662,EDGE,2006–2015
31,18.572916666666664,9.677316666666664,27.468516666666662,EDGE,2006–2015
32,18.572916666666664,9.677316666666664,27.468516666666662,EDGE,2006–2015
34,18.572916666666664,9.677316666666664,27.468516666666662,EDGE,2006–2015
37,18.572916666666664,9.677316666666664,27.468516666666662,EDGE,2006–2015
38,18.572916666666664,9.677316666666664,27.468516666666662,EDGE,2006–2015
40,15.066666666666666,6.1710666666666665,23.962266666666665,EDGE,2006–2015
43,15.066666666666666,6.1710666666666665,23.962266666666665,EDGE,2006–2015
44,15.066666666666666,6.1710666666666665,23.962266666666665,EDGE,2006–2015
46,15.066666666666666,6.1710666666666665,23.962266666666665,EDGE,2006–2015
50,15.066666666666666,6.1710666666666665,23.962266666666665,EDGE,2006–2015
51,11.8,2.9044000000000008,20.6956,EDGE,2006–2015
52,11.8,2.9044000000000008,20.6956,EDGE,2006–2015
53,11.8,2.9044000000000008,20.6956,EDGE,2006–2015
54,11.8,2.9044000000000008,20.6956,EDGE,2006–2015
56,11.8,2.9044000000000008,20.6956,EDGE,2006–2015
57,11.8,2.9044000000000008,20.6956,EDGE,2006–2015
58,11.8,2.9044000000000008,20.6956,EDGE,2006–2015
59,11.8,2.9044000000000008,20.6956,EDGE,2006–2015
60,11.8,2.9044000000000008,20.6956,EDGE,2006–2015
63,11.8,2.9044000000000008,20.6956,EDGE,2006–2015
65,11.8,2.9044000000000008,20.6956,EDGE,2006–2015
66,11.8,2.9044000000000008,20.6956,EDGE,2006–2015
67,11.8,2.9044000000000008,20.6956,EDGE,2006–2015
70,11.8,2.9044000000000008,20.6956,EDGE,2006–2015
71,11.8,2.9044000000000008,20.6956,EDGE,2006–2015
72,10.466666666666669,1.5710666666666668,19.362266666666667,EDGE,2006–2015
74,10.466666666666669,1.5710666666666668,19.362266666666667,EDGE,2006–2015
79,10.466666666666669,1.5710666666666668,19.362266666666667,EDGE,2006–2015
81,10.466666666666669,1.5710666666666668,19.362266666666667,EDGE,2006–2015
82,10.466666666666669,1.5710666666666668,19.362266666666667,EDGE,2006–2015
83,10.466666666666669,1.5710666666666668,19.362266666666667,EDGE,2006–2015
84,10.466666666666669,1.5710666666666668,19.362266666666667,EDGE,2006–2015
86,10.466666666666669,1.5710666666666668,19.362266666666667,EDGE,2006–2015
88,10.466666666666669,1.5710666666666668,19.362266666666667,EDGE,2006–2015
89,10.466666666666669,1.5710666666666668,19.362266666666667,EDGE,2006–2015
90,6.1,-2.7956000000000003,14.9956,EDGE,2006–2015
91,6.1,-2.7956000000000003,14.9956,EDGE,2006–2015
92,6.1,-2.7956000000000003,14.9956,EDGE,2006–2015
93,6.1,-2.7956000000000003,14.9956,EDGE,2006–2015
97,6.1,-2.7956000000000003,14.9956,EDGE,2006–2015
1,39.0,31.75997,46.24003,EDGE,2016–2024
2,22.83333333333333,15.593303333333331,30.073363333333333,EDGE,2016–2024
3,22.83333333333333,15.593303333333331,30.073363333333333,EDGE,2016–2024
4,22.83333333333333,15.593303333333331,30.073363333333333,EDGE,2016–2024
5,22.83333333333333,15.593303333333331,30.073363333333333,EDGE,2016–2024
7,22.83333333333333,15.593303333333331,30.073363333333333,EDGE,2016–2024
9,22.83333333333333,15.593303333333331,30.073363333333333,EDGE,2016–2024
14,18.0,10.75997,25.24003,EDGE,2016–2024
16,18.0,10.75997,25.24003,EDGE,2016–2024
17,18.0,10.75997,25.24003,EDGE,2016–2024
19,17.0,9.75997,24.24003,EDGE,2016–2024
20,16.25,9.00997,23.49003,EDGE,2016–2024
22,16.25,9.00997,23.49003,EDGE,2016–2024
26,16.25,9.00997,23.49003,EDGE,2016–2024
28,16.25,9.00997,23.49003,EDGE,2016–2024
29,16.25,9.00997,23.49003,EDGE,2016–2024
30,16.25,9.00997,23.49003,EDGE,2016–2024
31,13.2,5.959969999999999,20.44003,EDGE,2016–2024
32,13.2,5.959969999999999,20.44003,EDGE,2016–2024
33,13.2,5.959969999999999,20.44003,EDGE,2016–2024
34,13.2,5.959969999999999,20.44003,EDGE,2016–2024
36,13.2,5.959969999999999,20.44003,EDGE,2016–2024
38,10.0,2.75997,17.24003,EDGE,2016–2024
39,10.0,2.75997,17.24003,EDGE,2016–2024
41,10.0,2.75997,17.24003,EDGE,2016–2024
42,10.0,2.75997,17.24003,EDGE,2016–2024
44,9.6,2.35997,16.84003,EDGE,2016–2024
46,9.6,2.35997,16.84003,EDGE,2016–2024
47,9.6,2.35997,16.84003,EDGE,2016–2024
48,9.6,2.35997,16.84003,EDGE,2016–2024
49,9.6,2.35997,16.84003,EDGE,2016–2024
50,9.6,2.35997,16.84003,EDGE,2016–2024
51,9.6,2.35997,16.84003,EDGE,2016–2024
52,9.6,2.35997,16.84003,EDGE,2016–2024
53,9.6,2.35997,16.84003,EDGE,2016–2024
54,9.6,2.35997,16.84003,EDGE,2016–2024
59,9.6,2.35997,16.84003,EDGE,2016–2024
64,9.6,2.35997,16.84003,EDGE,2016–2024
65,9.6,2.35997,16.84003,EDGE,2016–2024
66,9.6,2.35997,16.84003,EDGE,2016–2024
67,9.6,2.35997,16.84003,EDGE,2016–2024
68,9.6,2.35997,16.84003,EDGE,2016–2024
69,9.6,2.35997,16.84003,EDGE,2016–2024
70,9.6,2.35997,16.84003,EDGE,2016–2024
73,9.6,2.35997,16.84003,EDGE,2016–2024
74,9.6,2.35997,16.84003,EDGE,2016–2024
75,7.166666666666667,-0.073363333333333,14.406696666666669,EDGE,2016–2024
77,7.166666666666667,-0.073363333333333,14.406696666666669,EDGE,2016–2024
78,6.928571428571429,-0.3114585714285711,14.168601428571428,EDGE,2016–2024
79,6.928571428571429,-0.3114585714285711,14.168601428571428,EDGE,2016–2024
80,6.928571428571429,-0.3114585714285711,14.168601428571428,EDGE,2016–2024
83,6.928571428571429,-0.3114585714285711,14.168601428571428,EDGE,2016–2024
85,6.928571428571429,-0.3114585714285711,14.168601428571428,EDGE,2016–2024
87,6.928571428571429,-0.3114585714285711,14.168601428571428,EDGE,2016–2024
88,6.928571428571429,-0.3114585714285711,14.168601428571428,EDGE,2016–2024
90,4.4,-2.84003,11.64003,EDGE,2016–2024
95,4.4,-2.84003,11.64003,EDGE,2016–2024
96,4.4,-2.84003,11.64003,EDGE,2016–2024
100,4.4,-2.84003,11.64003,EDGE,2016–2024
103,4.4,-2.84003,11.64003,EDGE,2016–2024
2,49.0,40.310316666666665,57.689683333333335,IDL,2006–2015
3,36.0,27.310316666666665,44.689683333333335,IDL,2006–2015
5,29.73809523809524,21.048411904761902,38.427778571428576,IDL,2006–2015
7,29.73809523809524,21.048411904761902,38.427778571428576,IDL,2006–2015
9,29.73809523809524,21.048411904761902,38.427778571428576,IDL,2006–2015
10,29.73809523809524,21.048411904761902,38.427778571428576,IDL,2006–2015
11,29.73809523809524,21.048411904761902,38.427778571428576,IDL,2006–2015
12,29.73809523809524,21.048411904761902,38.427778571428576,IDL,2006–2015
13,29.73809523809524,21.048411904761902,38.427778571428576,IDL,2006–2015
14,26.666666666666668,17.976983333333333,35.356350000000006,IDL,2006–2015
16,17.318181818181817,8.628498484848482,26.00786515151515,IDL,2006–2015
17,17.318181818181817,8.628498484848482,26.00786515151515,IDL,2006–2015
18,17.318181818181817,8.628498484848482,26.00786515151515,IDL,2006–2015
21,17.318181818181817,8.628498484848482,26.00786515151515,IDL,2006–2015
23,17.318181818181817,8.628498484848482,26.00786515151515,IDL,2006–2015
24,17.318181818181817,8.628498484848482,26.00786515151515,IDL,2006–2015
26,17.318181818181817,8.628498484848482,26.00786515151515,IDL,2006–2015
28,17.318181818181817,8.628498484848482,26.00786515151515,IDL,2006–2015
29,17.318181818181817,8.628498484848482,26.00786515151515,IDL,2006–2015
30,17.318181818181817,8.628498484848482,26.00786515151515,IDL,2006–2015
32,17.318181818181817,8.628498484848482,26.00786515151515,IDL,2006–2015
33,15.583333333333334,6.893649999999999,24.27301666666667,IDL,2006–2015
35,15.583333333333334,6.893649999999999,24.27301666666667,IDL,2006–2015
36,15.583333333333334,6.893649999999999,24.27301666666667,IDL,2006–2015
37,15.583333333333334,6.893649999999999,24.27301666666667,IDL,2006–2015
39,15.583333333333334,6.893649999999999,24.27301666666667,IDL,2006–2015
40,15.583333333333334,6.893649999999999,24.27301666666667,IDL,2006–2015
41,15.583333333333334,6.893649999999999,24.27301666666667,IDL,2006–2015
44,15.583333333333334,6.893649999999999,24.27301666666667,IDL,2006–2015
46,15.583333333333334,6.893649999999999,24.27301666666667,IDL,2006–2015
47,15.583333333333334,6.893649999999999,24.27301666666667,IDL,2006–2015
48,15.583333333333334,6.893649999999999,24.27301666666667,IDL,2006–2015
49,15.583333333333334,6.893649999999999,24.27301666666667,IDL,2006–2015
51,11.72222222222222,3.0325388888888867,20.41190555555556,IDL,2006–2015
52,11.72222222222222,3.0325388888888867,20.41190555555556,IDL,2006–2015
53,11.72222222222222,3.0325388888888867,20.41190555555556,IDL,2006–2015
54,11.72222222222222,3.0325388888888867,20.41190555555556,IDL,2006–2015
56,11.72222222222222,3.0325388888888867,20.41190555555556,IDL,2006–2015
57,11.72222222222222,3.0325388888888867,20.41190555555556,IDL,2006–2015
62,11.72222222222222,3.0325388888888867,20.41190555555556,IDL,2006–2015
65,11.72222222222222,3.0325388888888867,20.41190555555556,IDL,2006–2015
67,11.72222222222222,3.0325388888888867,20.41190555555556,IDL,2006–2015
68,11.27777777777778,2.588094444444444,19.967461111111117,IDL,2006–2015
72,11.27777777777778,2.588094444444444,19.967461111111117,IDL,2006–2015
73,11.27777777777778,2.588094444444444,19.967461111111117,IDL,2006–2015
74,11.27777777777778,2.588094444444444,19.967461111111117,IDL,2006–2015
77,11.27777777777778,2.588094444444444,19.967461111111117,IDL,2006–2015
81,11.27777777777778,2.588094444444444,19.967461111111117,IDL,2006–2015
82,11.27777777777778,2.588094444444444,19.967461111111117,IDL,2006–2015
83,11.27777777777778,2.588094444444444,19.967461111111117,IDL,2006–2015
85,11.27777777777778,2.588094444444444,19.967461111111117,IDL,2006–2015
87,9.0,0.3103166666666652,17.689683333333335,IDL,2006–2015
90,9.0,0.3103166666666652,17.689683333333335,IDL,2006–2015
91,9.0,0.3103166666666652,17.689683333333335,IDL,2006–2015
93,9.0,0.3103166666666652,17.689683333333335,IDL,2006–2015
94,9.0,0.3103166666666652,17.689683333333335,IDL,2006–2015
96,4.5,-4.189683333333335,13.189683333333337,IDL,2006–2015
97,4.5,-4.189683333333335,13.189683333333337,IDL,2006–2015
98,1.0,-7.689683333333335,9.689683333333337,IDL,2006–2015
3,13.5,7.453653076923076,19.546346923076925,IDL,2016–2024
7,13.5,7.453653076923076,19.546346923076925,IDL,2016–2024
9,13.5,7.453653076923076,19.546346923076925,IDL,2016–2024
12,13.5,7.453653076923076,19.546346923076925,IDL,2016–2024
13,13.5,7.453653076923076,19.546346923076925,IDL,2016–2024
14,12.8,6.753653076923077,18.84634692307693,IDL,2016–2024
17,12.8,6.753653076923077,18.84634692307693,IDL,2016–2024
18,12.8,6.753653076923077,18.84634692307693,IDL,2016–2024
19,12.8,6.753653076923077,18.84634692307693,IDL,2016–2024
21,12.8,6.753653076923077,18.84634692307693,IDL,2016–2024
27,12.8,6.753653076923077,18.84634692307693,IDL,2016–2024
28,12.8,6.753653076923077,18.84634692307693,IDL,2016–2024
29,12.8,6.753653076923077,18.84634692307693,IDL,2016–2024
30,12.8,6.753653076923077,18.84634692307693,IDL,2016–2024
37,12.8,6.753653076923077,18.84634692307693,IDL,2016–2024
38,12.538461538461538,6.492114615384614,18.58480846153846,IDL,2016–2024
40,12.538461538461538,6.492114615384614,18.58480846153846,IDL,2016–2024
41,12.538461538461538,6.492114615384614,18.58480846153846,IDL,2016–2024
43,12.538461538461538,6.492114615384614,18.58480846153846,IDL,2016–2024
46,12.538461538461538,6.492114615384614,18.58480846153846,IDL,2016–2024
49,12.538461538461538,6.492114615384614,18.58480846153846,IDL,2016–2024
55,12.538461538461538,6.492114615384614,18.58480846153846,IDL,2016–2024
56,12.538461538461538,6.492114615384614,18.58480846153846,IDL,2016–2024
57,12.538461538461538,6.492114615384614,18.58480846153846,IDL,2016–2024
58,12.538461538461538,6.492114615384614,18.58480846153846,IDL,2016–2024
63,12.538461538461538,6.492114615384614,18.58480846153846,IDL,2016–2024
65,12.538461538461538,6.492114615384614,18.58480846153846,IDL,2016–2024
67,12.538461538461538,6.492114615384614,18.58480846153846,IDL,2016–2024
69,10.0,3.953653076923076,16.046346923076925,IDL,2016–2024
71,7.616666666666667,1.5703197435897431,13.663013589743592,IDL,2016–2024
72,7.616666666666667,1.5703197435897431,13.663013589743592,IDL,2016–2024
73,7.616666666666667,1.5703197435897431,13.663013589743592,IDL,2016–2024
75,7.616666666666667,1.5703197435897431,13.663013589743592,IDL,2016–2024
79,7.616666666666667,1.5703197435897431,13.663013589743592,IDL,2016–2024
80,7.616666666666667,1.5703197435897431,13.663013589743592,IDL,2016–2024
82,7.616666666666667,1.5703197435897431,13.663013589743592,IDL,2016–2024
84,7.616666666666667,1.5703197435897431,13.663013589743592,IDL,2016–2024
88,7.616666666666667,1.5703197435897431,13.663013589743592,IDL,2016–2024
89,7.616666666666667,1.5703197435897431,13.663013589743592,IDL,2016–2024
90,2.75,-3.296346923076924,8.796346923076925,IDL,2016–2024
93,2.75,-3.296346923076924,8.796346923076925,IDL,2016–2024
95,2.1666666666666665,-3.8796802564102575,8.213013589743591,IDL,2016–2024
96,2.1666666666666665,-3.8796802564102575,8.213013589743591,IDL,2016–2024
102,2.1666666666666665,-3.8796802564102575,8.213013589743591,IDL,2016–2024
2,47.0,35.749228125,58.250771875,OFF-LB,2006–2015
4,30.892857142857142,19.642085267857148,42.14362901785714,OFF-LB,2006–2015
5,30.892857142857142,19.642085267857148,42.14362901785714,OFF-LB,2006–2015
6,30.892857142857142,19.642085267857148,42.14362901785714,OFF-LB,2006–2015
8,30.892857142857142,19.642085267857148,42.14362901785714,OFF-LB,2006–2015
9,30.892857142857142,19.642085267857148,42.14362901785714,OFF-LB,2006–2015
10,30.892857142857142,19.642085267857148,42.14362901785714,OFF-LB,2006–2015
11,30.892857142857142,19.642085267857148,42.14362901785714,OFF-LB,2006–2015
13,27.5,16.249228125000002,38.750771875,OFF-LB,2006–2015
15,27.5,16.249228125000002,38.750771875,OFF-LB,2006–2015
16,23.346153846153847,12.09538197115385,34.596925721153845,OFF-LB,2006–2015
17,23.346153846153847,12.09538197115385,34.596925721153845,OFF-LB,2006–2015
18,23.346153846153847,12.09538197115385,34.596925721153845,OFF-LB,2006–2015
19,23.346153846153847,12.09538197115385,34.596925721153845,OFF-LB,2006–2015
23,23.346153846153847,12.09538197115385,34.596925721153845,OFF-LB,2006–2015
25,23.346153846153847,12.09538197115385,34.596925721153845,OFF-LB,2006–2015
26,23.346153846153847,12.09538197115385,34.596925721153845,OFF-LB,2006–2015
30,23.346153846153847,12.09538197115385,34.596925721153845,OFF-LB,2006–2015
31,23.346153846153847,12.09538197115385,34.596925721153845,OFF-LB,2006–2015
33,23.346153846153847,12.09538197115385,34.596925721153845,OFF-LB,2006–2015
34,23.346153846153847,12.09538197115385,34.596925721153845,OFF-LB,2006–2015
35,23.346153846153847,12.09538197115385,34.596925721153845,OFF-LB,2006–2015
37,23.346153846153847,12.09538197115385,34.596925721153845,OFF-LB,2006–2015
38,22.010416666666664,10.759644791666668,33.26118854166666,OFF-LB,2006–2015
39,22.010416666666664,10.759644791666668,33.26118854166666,OFF-LB,2006–2015
40,22.010416666666664,10.759644791666668,33.26118854166666,OFF-LB,2006–2015
42,22.010416666666664,10.759644791666668,33.26118854166666,OFF-LB,2006–2015
43,22.010416666666664,10.759644791666668,33.26118854166666,OFF-LB,2006–2015
45,22.010416666666664,10.759644791666668,33.26118854166666,OFF-LB,2006–2015
46,22.010416666666664,10.759644791666668,33.26118854166666,OFF-LB,2006–2015
47,22.010416666666664,10.759644791666668,33.26118854166666,OFF-LB,2006–2015
48,17.5,6.249228125000004,28.750771875,OFF-LB,2006–2015
50,15.666666666666666,4.41589479166667,26.917438541666662,OFF-LB,2006–2015
52,15.666666666666666,4.41589479166667,26.917438541666662,OFF-LB,2006–2015
53,15.666666666666666,4.41589479166667,26.917438541666662,OFF-LB,2006–2015
55,15.666666666666666,4.41589479166667,26.917438541666662,OFF-LB,2006–2015
56,15.666666666666666,4.41589479166667,26.917438541666662,OFF-LB,2006–2015
58,15.666666666666666,4.41589479166667,26.917438541666662,OFF-LB,2006–2015
61,14.833333333333334,3.5825614583333376,26.08410520833333,OFF-LB,2006–2015
62,14.833333333333334,3.5825614583333376,26.08410520833333,OFF-LB,2006–2015
63,14.833333333333334,3.5825614583333376,26.08410520833333,OFF-LB,2006–2015
64,14.833333333333334,3.5825614583333376,26.08410520833333,OFF-LB,2006–2015
66,14.833333333333334,3.5825614583333376,26.08410520833333,OFF-LB,2006–2015
67,14.833333333333334,3.5825614583333376,26.08410520833333,OFF-LB,2006–2015
68,14.833333333333334,3.5825614583333376,26.08410520833333,OFF-LB,2006–2015
69,14.833333333333334,3.5825614583333376,26.08410520833333,OFF-LB,2006–2015
70,14.833333333333334,3.5825614583333376,26.08410520833333,OFF-LB,2006–2015
71,14.833333333333334,3.5825614583333376,26.08410520833333,OFF-LB,2006–2015
72,14.833333333333334,3.5825614583333376,26.08410520833333,OFF-LB,2006–2015
73,14.833333333333334,3.5825614583333376,26.08410520833333,OFF-LB,2006–2015
74,14.638888888888888,3.388117013888891,25.889660763888884,OFF-LB,2006–2015
76,14.638888888888888,3.388117013888891,25.889660763888884,OFF-LB,2006–2015
77,14.638888888888888,3.388117013888891,25.889660763888884,OFF-LB,2006–2015
78,14.638888888888888,3.388117013888891,25.889660763888884,OFF-LB,2006–2015
79,14.638888888888888,3.388117013888891,25.889660763888884,OFF-LB,2006–2015
80,14.638888888888888,3.388117013888891,25.889660763888884,OFF-LB,2006–2015
84,14.638888888888888,3.388117013888891,25.889660763888884,OFF-LB,2006–2015
86,14.638888888888888,3.388117013888891,25.889660763888884,OFF-LB,2006–2015
87,14.638888888888888,3.388117013888891,25.889660763888884,OFF-LB,2006–2015
88,14.638888888888888,3.388117013888891,25.889660763888884,OFF-LB,2006–2015
91,14.638888888888888,3.388117013888891,25.889660763888884,OFF-LB,2006–2015
92,14.638888888888888,3.388117013888891,25.889660763888884,OFF-LB,2006–2015
93,14.0,2.749228125000004,25.250771875,OFF-LB,2006–2015
94,14.0,2.749228125000004,25.250771875,OFF-LB,2006–2015
96,4.0,-7.250771874999996,15.250771874999996,OFF-LB,2006–2015
97,2.0,-9.250771874999996,13.250771874999996,OFF-LB,2006–2015
99,1.0,-10.250771874999996,12.250771874999996,OFF-LB,2006–2015
5,25.0,19.300226666666667,30.699773333333333,OFF-LB,2016–2024
8,18.5,12.800226666666669,24.199773333333333,OFF-LB,2016–2024
10,13.642857142857142,7.943083809523808,19.342630476190475,OFF-LB,2016–2024
12,13.642857142857142,7.943083809523808,19.342630476190475,OFF-LB,2016–2024
13,13.642857142857142,7.943083809523808,19.342630476190475,OFF-LB,2016–2024
16,13.642857142857142,7.943083809523808,19.342630476190475,OFF-LB,2016–2024
19,13.642857142857142,7.943083809523808,19.342630476190475,OFF-LB,2016–2024
21,13.642857142857142,7.943083809523808,19.342630476190475,OFF-LB,2016–2024
22,13.642857142857142,7.943083809523808,19.342630476190475,OFF-LB,2016–2024
23,10.0,4.300226666666666,15.699773333333331,OFF-LB,2016–2024
27,9.444444444444445,3.744671111111111,15.14421777777778,OFF-LB,2016–2024
28,9.444444444444445,3.744671111111111,15.14421777777778,OFF-LB,2016–2024
31,9.444444444444445,3.744671111111111,15.14421777777778,OFF-LB,2016–2024
41,9.444444444444445,3.744671111111111,15.14421777777778,OFF-LB,2016–2024
43,9.444444444444445,3.744671111111111,15.14421777777778,OFF-LB,2016–2024
49,9.444444444444445,3.744671111111111,15.14421777777778,OFF-LB,2016–2024
52,9.444444444444445,3.744671111111111,15.14421777777778,OFF-LB,2016–2024
54,9.444444444444445,3.744671111111111,15.14421777777778,OFF-LB,2016–2024
57,9.444444444444445,3.744671111111111,15.14421777777778,OFF-LB,2016–2024
58,4.6,-1.0997733333333342,10.299773333333334,OFF-LB,2016–2024
60,4.6,-1.0997733333333342,10.299773333333334,OFF-LB,2016–2024
63,4.6,-1.0997733333333342,10.299773333333334,OFF-LB,2016–2024
65,4.6,-1.0997733333333342,10.299773333333334,OFF-LB,2016–2024
68,4.6,-1.0997733333333342,10.299773333333334,OFF-LB,2016–2024
72,4.6,-1.0997733333333342,10.299773333333334,OFF-LB,2016–2024
74,4.6,-1.0997733333333342,10.299773333333334,OFF-LB,2016–2024
75,4.6,-1.0997733333333342,10.299773333333334,OFF-LB,2016–2024
76,4.6,-1.0997733333333342,10.299773333333334,OFF-LB,2016–2024
78,4.6,-1.0997733333333342,10.299773333333334,OFF-LB,2016–2024
80,4.6,-1.0997733333333342,10.299773333333334,OFF-LB,2016–2024
84,4.6,-1.0997733333333342,10.299773333333334,OFF-LB,2016–2024
87,4.6,-1.0997733333333342,10.299773333333334,OFF-LB,2016–2024
88,4.6,-1.0997733333333342,10.299773333333334,OFF-LB,2016–2024
89,4.6,-1.0997733333333342,10.299773333333334,OFF-LB,2016–2024
92,1.5714285714285714,-4.128344761904763,7.271201904761905,OFF-LB,2016–2024
97,1.5714285714285714,-4.128344761904763,7.271201904761905,OFF-LB,2016–2024
98,1.5714285714285714,-4.128344761904763,7.271201904761905,OFF-LB,2016–2024
102,1.5714285714285714,-4.128344761904763,7.271201904761905,OFF-LB,2016–2024
103,1.5714285714285714,-4.128344761904763,7.271201904761905,OFF-LB,2016–2024
105,1.5714285714285714,-4.128344761904763,7.271201904761905,OFF-LB,2016–2024
107,1.5714285714285714,-4.128344761904763,7.271201904761905,OFF-LB,2016–2024
1,36.5,27.499279541666663,45.50072045833333,OL,2006–2015
2,29.26960784313725,20.268887384803914,38.270328301470585,OL,2006–2015
3,29.26960784313725,20.268887384803914,38.270328301470585,OL,2006–2015
4,29.26960784313725,20.268887384803914,38.270328301470585,OL,2006–2015
5,29.26960784313725,20.268887384803914,38.270328301470585,OL,2006–2015
6,29.26960784313725,20.268887384803914,38.270328301470585,OL,2006–2015
7,29.26960784313725,20.268887384803914,38.270328301470585,OL,2006–2015
8,29.26960784313725,20.268887384803914,38.270328301470585,OL,2006–2015
9,29.26960784313725,20.268887384803914,38.270328301470585,OL,2006–2015
10,29.26960784313725,20.268887384803914,38.270328301470585,OL,2006–2015
11,29.26960784313725,20.268887384803914,38.270328301470585,OL,2006–2015
12,29.26960784313725,20.268887384803914,38.270328301470585,OL,2006–2015
13,29.26960784313725,20.268887384803914,38.270328301470585,OL,2006–2015
14,29.26960784313725,20.268887384803914,38.270328301470585,OL,2006–2015
15,29.26960784313725,20.268887384803914,38.270328301470585,OL,2006–2015
16,29.26960784313725,20.268887384803914,38.270328301470585,OL,2006–2015
17,29.26960784313725,20.268887384803914,38.270328301470585,OL,2006–2015
18,29.26960784313725,20.268887384803914,38.270328301470585,OL,2006–2015
19,27.75,18.749279541666663,36.75072045833333,OL,2006–2015
20,27.75,18.749279541666663,36.75072045833333,OL,2006–2015
21,27.186666666666667,18.18594620833333,36.187387125,OL,2006–2015
22,27.186666666666667,18.18594620833333,36.187387125,OL,2006–2015
23,27.186666666666667,18.18594620833333,36.187387125,OL,2006–2015
24,27.186666666666667,18.18594620833333,36.187387125,OL,2006–2015
25,27.186666666666667,18.18594620833333,36.187387125,OL,2006–2015
26,27.186666666666667,18.18594620833333,36.187387125,OL,2006–2015
27,27.186666666666667,18.18594620833333,36.187387125,OL,2006–2015
28,27.186666666666667,18.18594620833333,36.187387125,OL,2006–2015
29,27.186666666666667,18.18594620833333,36.187387125,OL,2006–2015
31,27.186666666666667,18.18594620833333,36.187387125,OL,2006–2015
32,23.204861111111104,14.204140652777768,32.20558156944444,OL,2006–2015
33,23.204861111111104,14.204140652777768,32.20558156944444,OL,2006–2015
34,23.204861111111104,14.204140652777768,32.20558156944444,OL,2006–2015
35,23.204861111111104,14.204140652777768,32.20558156944444,OL,2006–2015
37,23.204861111111104,14.204140652777768,32.20558156944444,OL,2006–2015
39,23.204861111111104,14.204140652777768,32.20558156944444,OL,2006–2015
40,23.204861111111104,14.204140652777768,32.20558156944444,OL,2006–2015
41,23.204861111111104,14.204140652777768,32.20558156944444,OL,2006–2015
42,23.204861111111104,14.204140652777768,32.20558156944444,OL,2006–2015
43,23.204861111111104,14.204140652777768,32.20558156944444,OL,2006–2015
44,23.204861111111104,14.204140652777768,32.20558156944444,OL,2006–2015
45,23.204861111111104,14.204140652777768,32.20558156944444,OL,2006–2015
46,23.204861111111104,14.204140652777768,32.20558156944444,OL,2006–2015
47,23.204861111111104,14.204140652777768,32.20558156944444,OL,2006–2015
48,23.204861111111104,14.204140652777768,32.20558156944444,OL,2006–2015
49,23.204861111111104,14.204140652777768,32.20558156944444,OL,2006–2015
50,23.204861111111104,14.204140652777768,32.20558156944444,OL,2006–2015
51,23.204861111111104,14.204140652777768,32.20558156944444,OL,2006–2015
53,23.204861111111104,14.204140652777768,32.20558156944444,OL,2006–2015
54,23.204861111111104,14.204140652777768,32.20558156944444,OL,2006–2015
55,23.204861111111104,14.204140652777768,32.20558156944444,OL,2006–2015
56,23.204861111111104,14.204140652777768,32.20558156944444,OL,2006–2015
57,23.204861111111104,14.204140652777768,32.20558156944444,OL,2006–2015
58,23.204861111111104,14.204140652777768,32.20558156944444,OL,2006–2015
59,21.866666666666667,12.86594620833333,30.867387125000004,OL,2006–2015
60,21.866666666666667,12.86594620833333,30.867387125000004,OL,2006–2015
61,20.166666666666668,11.165946208333333,29.167387125000005,OL,2006–2015
63,20.166666666666668,11.165946208333333,29.167387125000005,OL,2006–2015
64,20.166666666666668,11.165946208333333,29.167387125000005,OL,2006–2015
65,15.425925925925927,6.425205467592591,24.426646384259264,OL,2006–2015
66,15.425925925925927,6.425205467592591,24.426646384259264,OL,2006–2015
67,15.425925925925927,6.425205467592591,24.426646384259264,OL,2006–2015
68,15.425925925925927,6.425205467592591,24.426646384259264,OL,2006–2015
69,15.425925925925927,6.425205467592591,24.426646384259264,OL,2006–2015
70,15.425925925925927,6.425205467592591,24.426646384259264,OL,2006–2015
71,15.425925925925927,6.425205467592591,24.426646384259264,OL,2006–2015
72,15.425925925925927,6.425205467592591,24.426646384259264,OL,2006–2015
73,15.425925925925927,6.425205467592591,24.426646384259264,OL,2006–2015
74,15.425925925925927,6.425205467592591,24.426646384259264,OL,2006–2015
75,15.425925925925927,6.425205467592591,24.426646384259264,OL,2006–2015
76,15.425925925925927,6.425205467592591,24.426646384259264,OL,2006–2015
77,15.425925925925927,6.425205467592591,24.426646384259264,OL,2006–2015
78,15.425925925925927,6.425205467592591,24.426646384259264,OL,2006–2015
79,15.425925925925927,6.425205467592591,24.426646384259264,OL,2006–2015
80,15.425925925925927,6.425205467592591,24.426646384259264,OL,2006–2015
81,15.425925925925927,6.425205467592591,24.426646384259264,OL,2006–2015
83,15.425925925925927,6.425205467592591,24.426646384259264,OL,2006–2015
85,11.75,2.749279541666663,20.750720458333337,OL,2006–2015
86,11.75,2.749279541666663,20.750720458333337,OL,2006–2015
88,11.266666666666666,2.265946208333329,20.267387125000003,OL,2006–2015
89,11.266666666666666,2.265946208333329,20.267387125000003,OL,2006–2015
91,11.266666666666666,2.265946208333329,20.267387125000003,OL,2006–2015
92,11.266666666666666,2.265946208333329,20.267387125000003,OL,2006–2015
93,11.266666666666666,2.265946208333329,20.267387125000003,OL,2006–2015
95,9.5,0.4992795416666631,18.500720458333337,OL,2006–2015
96,9.5,0.4992795416666631,18.500720458333337,OL,2006–2015
98,3.5,-5.500720458333337,12.500720458333335,OL,2006–2015
99,3.5,-5.500720458333337,12.500720458333335,OL,2006–2015
4,23.75,13.44766403508772,34.05233596491228,OL,2016–2024
6,23.75,13.44766403508772,34.05233596491228,OL,2016–2024
7,18.33333333333333,8.030997368421053,28.63566929824561,OL,2016–2024
8,18.33333333333333,8.030997368421053,28.63566929824561,OL,2016–2024
9,18.33333333333333,8.030997368421053,28.63566929824561,OL,2016–2024
10,13.50877192982456,3.2064359649122807,23.81110789473684,OL,2016–2024
11,13.50877192982456,3.2064359649122807,23.81110789473684,OL,2016–2024
13,13.50877192982456,3.2064359649122807,23.81110789473684,OL,2016–2024
14,13.50877192982456,3.2064359649122807,23.81110789473684,OL,2016–2024
15,13.50877192982456,3.2064359649122807,23.81110789473684,OL,2016–2024
16,13.50877192982456,3.2064359649122807,23.81110789473684,OL,2016–2024
17,13.50877192982456,3.2064359649122807,23.81110789473684,OL,2016–2024
18,13.50877192982456,3.2064359649122807,23.81110789473684,OL,2016–2024
20,13.50877192982456,3.2064359649122807,23.81110789473684,OL,2016–2024
21,13.50877192982456,3.2064359649122807,23.81110789473684,OL,2016–2024
22,13.50877192982456,3.2064359649122807,23.81110789473684,OL,2016–2024
23,13.50877192982456,3.2064359649122807,23.81110789473684,OL,2016–2024
24,13.50877192982456,3.2064359649122807,23.81110789473684,OL,2016–2024
28,13.50877192982456,3.2064359649122807,23.81110789473684,OL,2016–2024
29,13.50877192982456,3.2064359649122807,23.81110789473684,OL,2016–2024
31,13.50877192982456,3.2064359649122807,23.81110789473684,OL,2016–2024
32,13.50877192982456,3.2064359649122807,23.81110789473684,OL,2016–2024
33,13.50877192982456,3.2064359649122807,23.81110789473684,OL,2016–2024
34,13.50877192982456,3.2064359649122807,23.81110789473684,OL,2016–2024
35,13.0,2.697664035087721,23.30233596491228,OL,2016–2024
37,10.754901960784316,0.4525659958720354,21.057237925696597,OL,2016–2024
38,10.754901960784316,0.4525659958720354,21.057237925696597,OL,2016–2024
39,10.754901960784316,0.4525659958720354,21.057237925696597,OL,2016–2024
41,10.754901960784316,0.4525659958720354,21.057237925696597,OL,2016–2024
42,10.754901960784316,0.4525659958720354,21.057237925696597,OL,2016–2024
44,10.754901960784316,0.4525659958720354,21.057237925696597,OL,2016–2024
46,10.754901960784316,0.4525659958720354,21.057237925696597,OL,2016–2024
48,10.754901960784316,0.4525659958720354,21.057237925696597,OL,2016–2024
50,10.754901960784316,0.4525659958720354,21.057237925696597,OL,2016–2024
51,10.754901960784316,0.4525659958720354,21.057237925696597,OL,2016–2024
53,10.754901960784316,0.4525659958720354,21.057237925696597,OL,2016–2024
55,10.754901960784316,0.4525659958720354,21.057237925696597,OL,2016–2024
56,10.754901960784316,0.4525659958720354,21.057237925696597,OL,2016–2024
58,10.754901960784316,0.4525659958720354,21.057237925696597,OL,2016–2024
62,10.754901960784316,0.4525659958720354,21.057237925696597,OL,2016–2024
63,10.754901960784316,0.4525659958720354,21.057237925696597,OL,2016–2024
64,10.754901960784316,0.4525659958720354,21.057237925696597,OL,2016–2024
65,10.044444444444444,-0.2578915204678349,20.346780409356725,OL,2016–2024
66,10.044444444444444,-0.2578915204678349,20.346780409356725,OL,2016–2024
68,10.044444444444444,-0.2578915204678349,20.346780409356725,OL,2016–2024
69,10.044444444444444,-0.2578915204678349,20.346780409356725,OL,2016–2024
70,10.044444444444444,-0.2578915204678349,20.346780409356725,OL,2016–2024
71,10.044444444444444,-0.2578915204678349,20.346780409356725,OL,2016–2024
72,10.044444444444444,-0.2578915204678349,20.346780409356725,OL,2016–2024
74,10.044444444444444,-0.2578915204678349,20.346780409356725,OL,2016–2024
75,10.044444444444444,-0.2578915204678349,20.346780409356725,OL,2016–2024
76,10.044444444444444,-0.2578915204678349,20.346780409356725,OL,2016–2024
78,10.044444444444444,-0.2578915204678349,20.346780409356725,OL,2016–2024
79,10.044444444444444,-0.2578915204678349,20.346780409356725,OL,2016–2024
80,10.044444444444444,-0.2578915204678349,20.346780409356725,OL,2016–2024
82,10.044444444444444,-0.2578915204678349,20.346780409356725,OL,2016–2024
83,10.044444444444444,-0.2578915204678349,20.346780409356725,OL,2016–2024
86,6.611111111111111,-3.691224853801169,16.913447076023388,OL,2016–2024
87,6.611111111111111,-3.691224853801169,16.913447076023388,OL,2016–2024
89,6.611111111111111,-3.691224853801169,16.913447076023388,OL,2016–2024
90,6.611111111111111,-3.691224853801169,16.913447076023388,OL,2016–2024
91,6.611111111111111,-3.691224853801169,16.913447076023388,OL,2016–2024
92,6.611111111111111,-3.691224853801169,16.913447076023388,OL,2016–2024
93,6.611111111111111,-3.691224853801169,16.913447076023388,OL,2016–2024
94,6.611111111111111,-3.691224853801169,16.913447076023388,OL,2016–2024
95,6.611111111111111,-3.691224853801169,16.913447076023388,OL,2016–2024
96,3.5,-6.802335964912279,13.80233596491228,OL,2016–2024
97,3.5,-6.802335964912279,13.80233596491228,OL,2016–2024
98,1.5,-8.80233596491228,11.80233596491228,OL,2016–2024
99,1.5,-8.80233596491228,11.80233596491228,OL,2016–2024
101,1.5,-8.80233596491228,11.80233596491228,OL,2016–2024
106,1.5,-8.80233596491228,11.80233596491228,OL,2016–2024
1,38.66666666666666,27.003546666666665,50.32978666666666,QB,2006–2015
2,38.66666666666666,27.003546666666665,50.32978666666666,QB,2006–2015
3,38.66666666666666,27.003546666666665,50.32978666666666,QB,2006–2015
5,29.25,17.58688,40.91312,QB,2006–2015
8,29.25,17.58688,40.91312,QB,2006–2015
10,28.0,16.33688,39.66312,QB,2006–2015
11,28.0,16.33688,39.66312,QB,2006–2015
12,28.0,16.33688,39.66312,QB,2006–2015
16,28.0,16.33688,39.66312,QB,2006–2015
17,28.0,16.33688,39.66312,QB,2006–2015
18,28.0,16.33688,39.66312,QB,2006–2015
22,23.4,11.73688,35.06312,QB,2006–2015
25,23.4,11.73688,35.06312,QB,2006–2015
32,23.4,11.73688,35.06312,QB,2006–2015
35,23.4,11.73688,35.06312,QB,2006–2015
36,23.4,11.73688,35.06312,QB,2006–2015
39,15.0,3.3368800000000007,26.66312,QB,2006–2015
40,8.0,-3.6631199999999993,19.66312,QB,2006–2015
43,8.0,-3.6631199999999993,19.66312,QB,2006–2015
44,8.0,-3.6631199999999993,19.66312,QB,2006–2015
48,8.0,-3.6631199999999993,19.66312,QB,2006–2015
49,8.0,-3.6631199999999993,19.66312,QB,2006–2015
56,8.0,-3.6631199999999993,19.66312,QB,2006–2015
57,8.0,-3.6631199999999993,19.66312,QB,2006–2015
62,8.0,-3.6631199999999993,19.66312,QB,2006–2015
64,8.0,-3.6631199999999993,19.66312,QB,2006–2015
73,8.0,-3.6631199999999993,19.66312,QB,2006–2015
74,8.0,-3.6631199999999993,19.66312,QB,2006–2015
75,8.0,-3.6631199999999993,19.66312,QB,2006–2015
81,8.0,-3.6631199999999993,19.66312,QB,2006–2015
85,8.0,-3.6631199999999993,19.66312,QB,2006–2015
88,8.0,-3.6631199999999993,19.66312,QB,2006–2015
89,8.0,-3.6631199999999993,19.66312,QB,2006–2015
92,8.0,-3.6631199999999993,19.66312,QB,2006–2015
94,0.0,-11.66312,11.66312,QB,2006–2015
1,24.46666666666667,5.93416666666667,42.99916666666667,QB,2016–2024
2,24.46666666666667,5.93416666666667,42.99916666666667,QB,2016–2024
3,22.928571428571427,4.396071428571428,41.46107142857143,QB,2016–2024
5,22.928571428571427,4.396071428571428,41.46107142857143,QB,2016–2024
6,22.928571428571427,4.396071428571428,41.46107142857143,QB,2016–2024
7,22.928571428571427,4.396071428571428,41.46107142857143,QB,2016–2024
10,22.928571428571427,4.396071428571428,41.46107142857143,QB,2016–2024
11,22.928571428571427,4.396071428571428,41.46107142857143,QB,2016–2024
12,22.928571428571427,4.396071428571428,41.46107142857143,QB,2016–2024
15,17.833333333333332,-0.6991666666666667,36.36583333333333,QB,2016–2024
26,17.833333333333332,-0.6991666666666667,36.36583333333333,QB,2016–2024
32,17.833333333333332,-0.6991666666666667,36.36583333333333,QB,2016–2024
42,8.0,-10.5325,26.5325,QB,2016–2024
52,6.0,-12.5325,24.5325,QB,2016–2024
53,5.166666666666667,-13.365833333333333,23.699166666666667,QB,2016–2024
64,5.166666666666667,-13.365833333333333,23.699166666666667,QB,2016–2024
66,5.166666666666667,-13.365833333333333,23.699166666666667,QB,2016–2024
67,5.166666666666667,-13.365833333333333,23.699166666666667,QB,2016–2024
76,5.166666666666667,-13.365833333333333,23.699166666666667,QB,2016–2024
91,5.166666666666667,-13.365833333333333,23.699166666666667,QB,2016–2024
93,5.0,-13.5325,23.5325,QB,2016–2024
100,4.5,-14.0325,23.0325,QB,2016–2024
104,4.5,-14.0325,23.0325,QB,2016–2024
2,36.0,24.5319125,47.4680875,RB,2006–2015
3,36.0,24.5319125,47.4680875,RB,2006–2015
4,36.0,24.5319125,47.4680875,RB,2006–2015
7,36.0,24.5319125,47.4680875,RB,2006–2015
9,36.0,24.5319125,47.4680875,RB,2006–2015
10,36.0,24.5319125,47.4680875,RB,2006–2015
12,32.714285714285715,21.246198214285712,44.18237321428572,RB,2006–2015
13,32.714285714285715,21.246198214285712,44.18237321428572,RB,2006–2015
15,32.714285714285715,21.246198214285712,44.18237321428572,RB,2006–2015
21,32.714285714285715,21.246198214285712,44.18237321428572,RB,2006–2015
22,32.714285714285715,21.246198214285712,44.18237321428572,RB,2006–2015
23,32.714285714285715,21.246198214285712,44.18237321428572,RB,2006–2015
24,32.714285714285715,21.246198214285712,44.18237321428572,RB,2006–2015
27,25.5,14.031912499999995,36.9680875,RB,2006–2015
28,24.25,12.781912499999995,35.7180875,RB,2006–2015
30,24.25,12.781912499999995,35.7180875,RB,2006–2015
31,23.0,11.531912499999995,34.4680875,RB,2006–2015
32,23.0,11.531912499999995,34.4680875,RB,2006–2015
36,23.0,11.531912499999995,34.4680875,RB,2006–2015
37,23.0,11.531912499999995,34.4680875,RB,2006–2015
38,23.0,11.531912499999995,34.4680875,RB,2006–2015
44,23.0,11.531912499999995,34.4680875,RB,2006–2015
45,23.0,11.531912499999995,34.4680875,RB,2006–2015
48,23.0,11.531912499999995,34.4680875,RB,2006–2015
50,18.291666666666668,6.823579166666663,29.759754166666674,RB,2006–2015
51,18.291666666666668,6.823579166666663,29.759754166666674,RB,2006–2015
52,18.291666666666668,6.823579166666663,29.759754166666674,RB,2006–2015
53,18.291666666666668,6.823579166666663,29.759754166666674,RB,2006–2015
54,18.291666666666668,6.823579166666663,29.759754166666674,RB,2006–2015
55,18.291666666666668,6.823579166666663,29.759754166666674,RB,2006–2015
56,18.291666666666668,6.823579166666663,29.759754166666674,RB,2006–2015
57,18.291666666666668,6.823579166666663,29.759754166666674,RB,2006–2015
58,18.291666666666668,6.823579166666663,29.759754166666674,RB,2006–2015
59,18.291666666666668,6.823579166666663,29.759754166666674,RB,2006–2015
60,18.291666666666668,6.823579166666663,29.759754166666674,RB,2006–2015
61,18.291666666666668,6.823579166666663,29.759754166666674,RB,2006–2015
62,17.979166666666664,6.51107916666666,29.447254166666667,RB,2006–2015
63,17.979166666666664,6.51107916666666,29.447254166666667,RB,2006–2015
64,17.979166666666664,6.51107916666666,29.447254166666667,RB,2006–2015
65,17.979166666666664,6.51107916666666,29.447254166666667,RB,2006–2015
67,17.979166666666664,6.51107916666666,29.447254166666667,RB,2006–2015
69,17.979166666666664,6.51107916666666,29.447254166666667,RB,2006–2015
71,17.979166666666664,6.51107916666666,29.447254166666667,RB,2006–2015
73,17.979166666666664,6.51107916666666,29.447254166666667,RB,2006–2015
74,16.214285714285715,4.746198214285711,27.68237321428572,RB,2006–2015
75,16.214285714285715,4.746198214285711,27.68237321428572,RB,2006–2015
77,16.214285714285715,4.746198214285711,27.68237321428572,RB,2006–2015
79,16.214285714285715,4.746198214285711,27.68237321428572,RB,2006–2015
84,16.214285714285715,4.746198214285711,27.68237321428572,RB,2006–2015
86,16.214285714285715,4.746198214285711,27.68237321428572,RB,2006–2015
89,16.214285714285715,4.746198214285711,27.68237321428572,RB,2006–2015
90,6.933333333333333,-4.534754166666672,18.401420833333336,RB,2006–2015
93,6.933333333333333,-4.534754166666672,18.401420833333336,RB,2006–2015
94,6.933333333333333,-4.534754166666672,18.401420833333336,RB,2006–2015
95,6.933333333333333,-4.534754166666672,18.401420833333336,RB,2006–2015
96,6.933333333333333,-4.534754166666672,18.401420833333336,RB,2006–2015
2,35.166666666666664,26.929411666666667,43.40392166666666,RB,2016–2024
4,35.166666666666664,26.929411666666667,43.40392166666666,RB,2016–2024
8,35.166666666666664,26.929411666666667,43.40392166666666,RB,2016–2024
24,15.683333333333334,7.446078333333334,23.92058833333333,RB,2016–2024
27,15.683333333333334,7.446078333333334,23.92058833333333,RB,2016–2024
31,15.683333333333334,7.446078333333334,23.92058833333333,RB,2016–2024
32,15.683333333333334,7.446078333333334,23.92058833333333,RB,2016–2024
35,15.683333333333334,7.446078333333334,23.92058833333333,RB,2016–2024
38,15.683333333333334,7.446078333333334,23.92058833333333,RB,2016–2024
41,15.683333333333334,7.446078333333334,23.92058833333333,RB,2016–2024
43,15.683333333333334,7.446078333333334,23.92058833333333,RB,2016–2024
45,15.683333333333334,7.446078333333334,23.92058833333333,RB,2016–2024
48,15.683333333333334,7.446078333333334,23.92058833333333,RB,2016–2024
52,12.571428571428571,4.334173571428572,20.80868357142857,RB,2016–2024
53,12.571428571428571,4.334173571428572,20.80868357142857,RB,2016–2024
55,12.571428571428571,4.334173571428572,20.80868357142857,RB,2016–2024
59,12.571428571428571,4.334173571428572,20.80868357142857,RB,2016–2024
62,12.571428571428571,4.334173571428572,20.80868357142857,RB,2016–2024
66,12.571428571428571,4.334173571428572,20.80868357142857,RB,2016–2024
67,12.571428571428571,4.334173571428572,20.80868357142857,RB,2016–2024
70,12.0,3.7627450000000007,20.237255,RB,2016–2024
71,12.0,3.7627450000000007,20.237255,RB,2016–2024
73,12.0,3.7627450000000007,20.237255,RB,2016–2024
74,12.0,3.7627450000000007,20.237255,RB,2016–2024
76,10.75,2.5127450000000007,18.987255,RB,2016–2024
86,10.75,2.5127450000000007,18.987255,RB,2016–2024
87,6.142857142857143,-2.094397857142856,14.380112142857143,RB,2016–2024
88,6.142857142857143,-2.094397857142856,14.380112142857143,RB,2016–2024
89,6.142857142857143,-2.094397857142856,14.380112142857143,RB,2016–2024
90,6.142857142857143,-2.094397857142856,14.380112142857143,RB,2016–2024
93,6.142857142857143,-2.094397857142856,14.380112142857143,RB,2016–2024
102,6.142857142857143,-2.094397857142856,14.380112142857143,RB,2016–2024
105,6.142857142857143,-2.094397857142856,14.380112142857143,RB,2016–2024
5,45.0,37.422266666666665,52.577733333333335,SECONDARY,2006–2015
6,22.5,14.922266666666664,30.07773333333333,SECONDARY,2006–2015
7,22.5,14.922266666666664,30.07773333333333,SECONDARY,2006–2015
8,18.47222222222222,10.894488888888889,26.04995555555556,SECONDARY,2006–2015
9,18.47222222222222,10.894488888888889,26.04995555555556,SECONDARY,2006–2015
10,18.47222222222222,10.894488888888889,26.04995555555556,SECONDARY,2006–2015
11,18.47222222222222,10.894488888888889,26.04995555555556,SECONDARY,2006–2015
12,18.47222222222222,10.894488888888889,26.04995555555556,SECONDARY,2006–2015
14,18.47222222222222,10.894488888888889,26.04995555555556,SECONDARY,2006–2015
15,18.47222222222222,10.894488888888889,26.04995555555556,SECONDARY,2006–2015
16,18.47222222222222,10.894488888888889,26.04995555555556,SECONDARY,2006–2015
17,18.47222222222222,10.894488888888889,26.04995555555556,SECONDARY,2006–2015
18,18.47222222222222,10.894488888888889,26.04995555555556,SECONDARY,2006–2015
19,18.47222222222222,10.894488888888889,26.04995555555556,SECONDARY,2006–2015
20,18.47222222222222,10.894488888888889,26.04995555555556,SECONDARY,2006–2015
21,18.47222222222222,10.894488888888889,26.04995555555556,SECONDARY,2006–2015
22,18.47222222222222,10.894488888888889,26.04995555555556,SECONDARY,2006–2015
24,18.47222222222222,10.894488888888889,26.04995555555556,SECONDARY,2006–2015
25,18.47222222222222,10.894488888888889,26.04995555555556,SECONDARY,2006–2015
27,18.47222222222222,10.894488888888889,26.04995555555556,SECONDARY,2006–2015
29,18.47222222222222,10.894488888888889,26.04995555555556,SECONDARY,2006–2015
30,17.25,9.672266666666664,24.82773333333333,SECONDARY,2006–2015
31,17.25,9.672266666666664,24.82773333333333,SECONDARY,2006–2015
32,17.25,9.672266666666664,24.82773333333333,SECONDARY,2006–2015
33,17.25,9.672266666666664,24.82773333333333,SECONDARY,2006–2015
34,17.25,9.672266666666664,24.82773333333333,SECONDARY,2006–2015
35,17.25,9.672266666666664,24.82773333333333,SECONDARY,2006–2015
36,17.25,9.672266666666664,24.82773333333333,SECONDARY,2006–2015
37,17.25,9.672266666666664,24.82773333333333,SECONDARY,2006–2015
38,17.25,9.672266666666664,24.82773333333333,SECONDARY,2006–2015
40,15.433333333333332,7.855599999999997,23.011066666666665,SECONDARY,2006–2015
41,15.433333333333332,7.855599999999997,23.011066666666665,SECONDARY,2006–2015
42,15.433333333333332,7.855599999999997,23.011066666666665,SECONDARY,2006–2015
43,15.433333333333332,7.855599999999997,23.011066666666665,SECONDARY,2006–2015
45,15.433333333333332,7.855599999999997,23.011066666666665,SECONDARY,2006–2015
46,14.583333333333334,7.005599999999999,22.16106666666667,SECONDARY,2006–2015
47,14.583333333333334,7.005599999999999,22.16106666666667,SECONDARY,2006–2015
48,14.583333333333334,7.005599999999999,22.16106666666667,SECONDARY,2006–2015
49,14.583333333333334,7.005599999999999,22.16106666666667,SECONDARY,2006–2015
50,14.583333333333334,7.005599999999999,22.16106666666667,SECONDARY,2006–2015
51,14.583333333333334,7.005599999999999,22.16106666666667,SECONDARY,2006–2015
53,14.583333333333334,7.005599999999999,22.16106666666667,SECONDARY,2006–2015
54,14.583333333333334,7.005599999999999,22.16106666666667,SECONDARY,2006–2015
55,14.583333333333334,7.005599999999999,22.16106666666667,SECONDARY,2006–2015
57,14.583333333333334,7.005599999999999,22.16106666666667,SECONDARY,2006–2015
58,11.833333333333332,4.255599999999998,19.411066666666667,SECONDARY,2006–2015
59,11.833333333333332,4.255599999999998,19.411066666666667,SECONDARY,2006–2015
60,11.833333333333332,4.255599999999998,19.411066666666667,SECONDARY,2006–2015
61,11.833333333333332,4.255599999999998,19.411066666666667,SECONDARY,2006–2015
62,11.25,3.6722666666666655,18.82773333333333,SECONDARY,2006–2015
63,11.25,3.6722666666666655,18.82773333333333,SECONDARY,2006–2015
64,10.812499999999998,3.234766666666664,18.39023333333333,SECONDARY,2006–2015
65,10.812499999999998,3.234766666666664,18.39023333333333,SECONDARY,2006–2015
66,10.812499999999998,3.234766666666664,18.39023333333333,SECONDARY,2006–2015
67,10.812499999999998,3.234766666666664,18.39023333333333,SECONDARY,2006–2015
68,10.812499999999998,3.234766666666664,18.39023333333333,SECONDARY,2006–2015
69,10.812499999999998,3.234766666666664,18.39023333333333,SECONDARY,2006–2015
70,10.812499999999998,3.234766666666664,18.39023333333333,SECONDARY,2006–2015
71,10.812499999999998,3.234766666666664,18.39023333333333,SECONDARY,2006–2015
72,9.0,1.4222666666666657,16.577733333333335,SECONDARY,2006–2015
73,9.0,1.4222666666666657,16.577733333333335,SECONDARY,2006–2015
75,9.0,1.4222666666666657,16.577733333333335,SECONDARY,2006–2015
78,9.0,1.4222666666666657,16.577733333333335,SECONDARY,2006–2015
79,7.625,0.0472666666666654,15.202733333333336,SECONDARY,2006–2015
80,7.625,0.0472666666666654,15.202733333333336,SECONDARY,2006–2015
81,7.625,0.0472666666666654,15.202733333333336,SECONDARY,2006–2015
82,7.625,0.0472666666666654,15.202733333333336,SECONDARY,2006–2015
83,7.625,0.0472666666666654,15.202733333333336,SECONDARY,2006–2015
84,7.625,0.0472666666666654,15.202733333333336,SECONDARY,2006–2015
85,7.625,0.0472666666666654,15.202733333333336,SECONDARY,2006–2015
86,7.625,0.0472666666666654,15.202733333333336,SECONDARY,2006–2015
87,7.625,0.0472666666666654,15.202733333333336,SECONDARY,2006–2015
88,7.625,0.0472666666666654,15.202733333333336,SECONDARY,2006–2015
89,7.625,0.0472666666666654,15.202733333333336,SECONDARY,2006–2015
90,7.625,0.0472666666666654,15.202733333333336,SECONDARY,2006–2015
91,7.625,0.0472666666666654,15.202733333333336,SECONDARY,2006–2015
92,7.625,0.0472666666666654,15.202733333333336,SECONDARY,2006–2015
93,7.625,0.0472666666666654,15.202733333333336,SECONDARY,2006–2015
94,7.625,0.0472666666666654,15.202733333333336,SECONDARY,2006–2015
95,7.625,0.0472666666666654,15.202733333333336,SECONDARY,2006–2015
96,7.625,0.0472666666666654,15.202733333333336,SECONDARY,2006–2015
97,7.625,0.0472666666666654,15.202733333333336,SECONDARY,2006–2015
98,7.625,0.0472666666666654,15.202733333333336,SECONDARY,2006–2015
3,26.5,18.553603581871343,34.44639641812866,SECONDARY,2016–2024
4,26.5,18.553603581871343,34.44639641812866,SECONDARY,2016–2024
5,26.5,18.553603581871343,34.44639641812866,SECONDARY,2016–2024
6,26.5,18.553603581871343,34.44639641812866,SECONDARY,2016–2024
8,13.703703703703702,5.757307285575047,21.65010012183236,SECONDARY,2016–2024
9,13.703703703703702,5.757307285575047,21.65010012183236,SECONDARY,2016–2024
10,13.703703703703702,5.757307285575047,21.65010012183236,SECONDARY,2016–2024
11,13.703703703703702,5.757307285575047,21.65010012183236,SECONDARY,2016–2024
14,13.703703703703702,5.757307285575047,21.65010012183236,SECONDARY,2016–2024
15,13.703703703703702,5.757307285575047,21.65010012183236,SECONDARY,2016–2024
16,13.703703703703702,5.757307285575047,21.65010012183236,SECONDARY,2016–2024
17,13.703703703703702,5.757307285575047,21.65010012183236,SECONDARY,2016–2024
18,13.703703703703702,5.757307285575047,21.65010012183236,SECONDARY,2016–2024
19,10.5,2.5536035818713447,18.446396418128657,SECONDARY,2016–2024
21,10.5,2.5536035818713447,18.446396418128657,SECONDARY,2016–2024
22,10.5,2.5536035818713447,18.446396418128657,SECONDARY,2016–2024
24,10.5,2.5536035818713447,18.446396418128657,SECONDARY,2016–2024
25,10.5,2.5536035818713447,18.446396418128657,SECONDARY,2016–2024
26,10.5,2.5536035818713447,18.446396418128657,SECONDARY,2016–2024
27,10.5,2.5536035818713447,18.446396418128657,SECONDARY,2016–2024
28,10.5,2.5536035818713447,18.446396418128657,SECONDARY,2016–2024
29,9.363636363636363,1.417239945507708,17.310032781765017,SECONDARY,2016–2024
30,9.363636363636363,1.417239945507708,17.310032781765017,SECONDARY,2016–2024
31,9.363636363636363,1.417239945507708,17.310032781765017,SECONDARY,2016–2024
33,9.363636363636363,1.417239945507708,17.310032781765017,SECONDARY,2016–2024
34,9.363636363636363,1.417239945507708,17.310032781765017,SECONDARY,2016–2024
36,9.363636363636363,1.417239945507708,17.310032781765017,SECONDARY,2016–2024
37,9.363636363636363,1.417239945507708,17.310032781765017,SECONDARY,2016–2024
38,9.363636363636363,1.417239945507708,17.310032781765017,SECONDARY,2016–2024
39,9.363636363636363,1.417239945507708,17.310032781765017,SECONDARY,2016–2024
40,9.363636363636363,1.417239945507708,17.310032781765017,SECONDARY,2016–2024
42,9.363636363636363,1.417239945507708,17.310032781765017,SECONDARY,2016–2024
43,8.423245614035087,0.476849195906432,16.369642032163743,SECONDARY,2016–2024
44,8.423245614035087,0.476849195906432,16.369642032163743,SECONDARY,2016–2024
45,8.423245614035087,0.476849195906432,16.369642032163743,SECONDARY,2016–2024
46,8.423245614035087,0.476849195906432,16.369642032163743,SECONDARY,2016–2024
47,8.423245614035087,0.476849195906432,16.369642032163743,SECONDARY,2016–2024
50,8.423245614035087,0.476849195906432,16.369642032163743,SECONDARY,2016–2024
51,8.423245614035087,0.476849195906432,16.369642032163743,SECONDARY,2016–2024
53,8.423245614035087,0.476849195906432,16.369642032163743,SECONDARY,2016–2024
54,8.423245614035087,0.476849195906432,16.369642032163743,SECONDARY,2016–2024
55,8.423245614035087,0.476849195906432,16.369642032163743,SECONDARY,2016–2024
56,8.423245614035087,0.476849195906432,16.369642032163743,SECONDARY,2016–2024
57,8.423245614035087,0.476849195906432,16.369642032163743,SECONDARY,2016–2024
58,8.423245614035087,0.476849195906432,16.369642032163743,SECONDARY,2016–2024
60,8.423245614035087,0.476849195906432,16.369642032163743,SECONDARY,2016–2024
61,8.423245614035087,0.476849195906432,16.369642032163743,SECONDARY,2016–2024
62,8.423245614035087,0.476849195906432,16.369642032163743,SECONDARY,2016–2024
63,8.423245614035087,0.476849195906432,16.369642032163743,SECONDARY,2016–2024
64,8.423245614035087,0.476849195906432,16.369642032163743,SECONDARY,2016–2024
65,8.423245614035087,0.476849195906432,16.369642032163743,SECONDARY,2016–2024
66,8.423245614035087,0.476849195906432,16.369642032163743,SECONDARY,2016–2024
68,8.423245614035087,0.476849195906432,16.369642032163743,SECONDARY,2016–2024
70,8.423245614035087,0.476849195906432,16.369642032163743,SECONDARY,2016–2024
71,8.423245614035087,0.476849195906432,16.369642032163743,SECONDARY,2016–2024
74,8.423245614035087,0.476849195906432,16.369642032163743,SECONDARY,2016–2024
76,8.423245614035087,0.476849195906432,16.369642032163743,SECONDARY,2016–2024
77,8.423245614035087,0.476849195906432,16.369642032163743,SECONDARY,2016–2024
79,8.423245614035087,0.476849195906432,16.369642032163743,SECONDARY,2016–2024
80,8.423245614035087,0.476849195906432,16.369642032163743,SECONDARY,2016–2024
81,8.423245614035087,0.476849195906432,16.369642032163743,SECONDARY,2016–2024
82,8.423245614035087,0.476849195906432,16.369642032163743,SECONDARY,2016–2024
83,8.423245614035087,0.476849195906432,16.369642032163743,SECONDARY,2016–2024
84,8.423245614035087,0.476849195906432,16.369642032163743,SECONDARY,2016–2024
85,8.423245614035087,0.476849195906432,16.369642032163743,SECONDARY,2016–2024
89,8.423245614035087,0.476849195906432,16.369642032163743,SECONDARY,2016–2024
90,8.423245614035087,0.476849195906432,16.369642032163743,SECONDARY,2016–2024
91,8.423245614035087,0.476849195906432,16.369642032163743,SECONDARY,2016–2024
92,8.423245614035087,0.476849195906432,16.369642032163743,SECONDARY,2016–2024
93,8.423245614035087,0.476849195906432,16.369642032163743,SECONDARY,2016–2024
94,7.875,-0.0713964181286552,15.821396418128655,SECONDARY,2016–2024
95,7.875,-0.0713964181286552,15.821396418128655,SECONDARY,2016–2024
97,7.875,-0.0713964181286552,15.821396418128655,SECONDARY,2016–2024
98,7.875,-0.0713964181286552,15.821396418128655,SECONDARY,2016–2024
99,6.0,-1.9463964181286555,13.946396418128655,SECONDARY,2016–2024
100,0.5,-7.446396418128655,8.446396418128655,SECONDARY,2016–2024
101,0.5,-7.446396418128655,8.446396418128655,SECONDARY,2016–2024
102,0.0,-7.946396418128655,7.946396418128655,SECONDARY,2016–2024
104,0.0,-7.946396418128655,7.946396418128655,SECONDARY,2016–2024
6,19.819444444444443,14.630344444444445,25.008544444444443,TE,2006–2015
10,19.819444444444443,14.630344444444445,25.008544444444443,TE,2006–2015
20,19.819444444444443,14.630344444444445,25.008544444444443,TE,2006–2015
21,19.819444444444443,14.630344444444445,25.008544444444443,TE,2006–2015
28,19.819444444444443,14.630344444444445,25.008544444444443,TE,2006–2015
30,19.819444444444443,14.630344444444445,25.008544444444443,TE,2006–2015
31,19.819444444444443,14.630344444444445,25.008544444444443,TE,2006–2015
34,19.819444444444443,14.630344444444445,25.008544444444443,TE,2006–2015
35,19.819444444444443,14.630344444444445,25.008544444444443,TE,2006–2015
38,19.819444444444443,14.630344444444445,25.008544444444443,TE,2006–2015
41,19.819444444444443,14.630344444444445,25.008544444444443,TE,2006–2015
42,19.819444444444443,14.630344444444445,25.008544444444443,TE,2006–2015
43,13.0,7.8109,18.1891,TE,2006–2015
46,8.944444444444445,3.755344444444445,14.133544444444444,TE,2006–2015
47,8.944444444444445,3.755344444444445,14.133544444444444,TE,2006–2015
48,8.944444444444445,3.755344444444445,14.133544444444444,TE,2006–2015
49,8.944444444444445,3.755344444444445,14.133544444444444,TE,2006–2015
52,8.944444444444445,3.755344444444445,14.133544444444444,TE,2006–2015
53,8.944444444444445,3.755344444444445,14.133544444444444,TE,2006–2015
55,8.944444444444445,3.755344444444445,14.133544444444444,TE,2006–2015
61,8.944444444444445,3.755344444444445,14.133544444444444,TE,2006–2015
63,8.944444444444445,3.755344444444445,14.133544444444444,TE,2006–2015
64,8.739583333333334,3.550483333333334,13.928683333333334,TE,2006–2015
65,8.739583333333334,3.550483333333334,13.928683333333334,TE,2006–2015
68,8.739583333333334,3.550483333333334,13.928683333333334,TE,2006–2015
69,8.739583333333334,3.550483333333334,13.928683333333334,TE,2006–2015
70,8.739583333333334,3.550483333333334,13.928683333333334,TE,2006–2015
72,8.739583333333334,3.550483333333334,13.928683333333334,TE,2006–2015
76,8.739583333333334,3.550483333333334,13.928683333333334,TE,2006–2015
77,8.739583333333334,3.550483333333334,13.928683333333334,TE,2006–2015
78,8.739583333333334,3.550483333333334,13.928683333333334,TE,2006–2015
85,8.739583333333334,3.550483333333334,13.928683333333334,TE,2006–2015
86,8.739583333333334,3.550483333333334,13.928683333333334,TE,2006–2015
89,8.739583333333334,3.550483333333334,13.928683333333334,TE,2006–2015
91,8.739583333333334,3.550483333333334,13.928683333333334,TE,2006–2015
92,8.739583333333334,3.550483333333334,13.928683333333334,TE,2006–2015
93,8.739583333333334,3.550483333333334,13.928683333333334,TE,2006–2015
95,8.739583333333334,3.550483333333334,13.928683333333334,TE,2006–2015
98,6.0,0.8109000000000002,11.1891,TE,2006–2015
99,4.0,-1.1890999999999998,9.1891,TE,2006–2015
100,2.0,-3.1891,7.1891,TE,2006–2015
4,10.333333333333334,5.47686794871795,15.18979871794872,TE,2016–2024
8,10.333333333333334,5.47686794871795,15.18979871794872,TE,2016–2024
19,10.333333333333334,5.47686794871795,15.18979871794872,TE,2016–2024
20,10.333333333333334,5.47686794871795,15.18979871794872,TE,2016–2024
23,10.333333333333334,5.47686794871795,15.18979871794872,TE,2016–2024
25,10.333333333333334,5.47686794871795,15.18979871794872,TE,2016–2024
29,10.333333333333334,5.47686794871795,15.18979871794872,TE,2016–2024
35,10.333333333333334,5.47686794871795,15.18979871794872,TE,2016–2024
42,10.333333333333334,5.47686794871795,15.18979871794872,TE,2016–2024
43,7.0,2.143534615384616,11.856465384615383,TE,2016–2024
44,7.0,2.143534615384616,11.856465384615383,TE,2016–2024
45,6.5,1.643534615384616,11.356465384615383,TE,2016–2024
49,6.5,1.643534615384616,11.356465384615383,TE,2016–2024
50,6.0,1.143534615384616,10.856465384615383,TE,2016–2024
52,4.1923076923076925,-0.6641576923076915,9.048773076923077,TE,2016–2024
55,4.1923076923076925,-0.6641576923076915,9.048773076923077,TE,2016–2024
69,4.1923076923076925,-0.6641576923076915,9.048773076923077,TE,2016–2024
75,4.1923076923076925,-0.6641576923076915,9.048773076923077,TE,2016–2024
81,4.1923076923076925,-0.6641576923076915,9.048773076923077,TE,2016–2024
83,4.1923076923076925,-0.6641576923076915,9.048773076923077,TE,2016–2024
86,4.1923076923076925,-0.6641576923076915,9.048773076923077,TE,2016–2024
91,4.1923076923076925,-0.6641576923076915,9.048773076923077,TE,2016–2024
94,4.1923076923076925,-0.6641576923076915,9.048773076923077,TE,2016–2024
96,4.1923076923076925,-0.6641576923076915,9.048773076923077,TE,2016–2024
97,4.1923076923076925,-0.6641576923076915,9.048773076923077,TE,2016–2024
98,4.1923076923076925,-0.6641576923076915,9.048773076923077,TE,2016–2024
100,4.1923076923076925,-0.6641576923076915,9.048773076923077,TE,2016–2024
101,0.5,-4.356465384615384,5.356465384615384,TE,2016–2024
105,0.5,-4.356465384615384,5.356465384615384,TE,2016–2024
2,34.66666666666667,23.67401133333334,45.659322,WR,2006–2015
4,34.66666666666667,23.67401133333334,45.659322,WR,2006–2015
5,27.844444444444445,16.85178911111111,38.83709977777778,WR,2006–2015
6,27.844444444444445,16.85178911111111,38.83709977777778,WR,2006–2015
7,27.844444444444445,16.85178911111111,38.83709977777778,WR,2006–2015
8,27.844444444444445,16.85178911111111,38.83709977777778,WR,2006–2015
9,27.844444444444445,16.85178911111111,38.83709977777778,WR,2006–2015
10,27.844444444444445,16.85178911111111,38.83709977777778,WR,2006–2015
12,27.844444444444445,16.85178911111111,38.83709977777778,WR,2006–2015
13,27.844444444444445,16.85178911111111,38.83709977777778,WR,2006–2015
14,27.844444444444445,16.85178911111111,38.83709977777778,WR,2006–2015
19,27.844444444444445,16.85178911111111,38.83709977777778,WR,2006–2015
20,27.844444444444445,16.85178911111111,38.83709977777778,WR,2006–2015
22,27.844444444444445,16.85178911111111,38.83709977777778,WR,2006–2015
23,27.844444444444445,16.85178911111111,38.83709977777778,WR,2006–2015
24,27.844444444444445,16.85178911111111,38.83709977777778,WR,2006–2015
25,27.844444444444445,16.85178911111111,38.83709977777778,WR,2006–2015
26,18.166666666666668,7.174011333333334,29.159322000000003,WR,2006–2015
27,18.166666666666668,7.174011333333334,29.159322000000003,WR,2006–2015
28,18.166666666666668,7.174011333333334,29.159322000000003,WR,2006–2015
29,18.166666666666668,7.174011333333334,29.159322000000003,WR,2006–2015
30,15.589506172839505,4.596850839506171,26.58216150617284,WR,2006–2015
32,15.589506172839505,4.596850839506171,26.58216150617284,WR,2006–2015
33,15.589506172839505,4.596850839506171,26.58216150617284,WR,2006–2015
34,15.589506172839505,4.596850839506171,26.58216150617284,WR,2006–2015
36,15.589506172839505,4.596850839506171,26.58216150617284,WR,2006–2015
37,15.589506172839505,4.596850839506171,26.58216150617284,WR,2006–2015
39,15.589506172839505,4.596850839506171,26.58216150617284,WR,2006–2015
40,15.589506172839505,4.596850839506171,26.58216150617284,WR,2006–2015
41,15.589506172839505,4.596850839506171,26.58216150617284,WR,2006–2015
42,15.589506172839505,4.596850839506171,26.58216150617284,WR,2006–2015
43,15.589506172839505,4.596850839506171,26.58216150617284,WR,2006–2015
44,15.589506172839505,4.596850839506171,26.58216150617284,WR,2006–2015
45,15.589506172839505,4.596850839506171,26.58216150617284,WR,2006–2015
46,15.589506172839505,4.596850839506171,26.58216150617284,WR,2006–2015
49,15.589506172839505,4.596850839506171,26.58216150617284,WR,2006–2015
50,15.589506172839505,4.596850839506171,26.58216150617284,WR,2006–2015
51,15.589506172839505,4.596850839506171,26.58216150617284,WR,2006–2015
52,15.589506172839505,4.596850839506171,26.58216150617284,WR,2006–2015
53,15.589506172839505,4.596850839506171,26.58216150617284,WR,2006–2015
54,15.589506172839505,4.596850839506171,26.58216150617284,WR,2006–2015
56,15.589506172839505,4.596850839506171,26.58216150617284,WR,2006–2015
58,15.589506172839505,4.596850839506171,26.58216150617284,WR,2006–2015
59,15.589506172839505,4.596850839506171,26.58216150617284,WR,2006–2015
60,15.589506172839505,4.596850839506171,26.58216150617284,WR,2006–2015
61,15.589506172839505,4.596850839506171,26.58216150617284,WR,2006–2015
63,15.589506172839505,4.596850839506171,26.58216150617284,WR,2006–2015
64,15.589506172839505,4.596850839506171,26.58216150617284,WR,2006–2015
68,11.5,0.5073446666666666,22.49265533333333,WR,2006–2015
69,11.5,0.5073446666666666,22.49265533333333,WR,2006–2015
70,11.5,0.5073446666666666,22.49265533333333,WR,2006–2015
73,11.5,0.5073446666666666,22.49265533333333,WR,2006–2015
74,11.5,0.5073446666666666,22.49265533333333,WR,2006–2015
75,11.413333333333332,0.4206779999999988,22.405988666666666,WR,2006–2015
76,11.413333333333332,0.4206779999999988,22.405988666666666,WR,2006–2015
77,11.413333333333332,0.4206779999999988,22.405988666666666,WR,2006–2015
78,11.413333333333332,0.4206779999999988,22.405988666666666,WR,2006–2015
79,11.413333333333332,0.4206779999999988,22.405988666666666,WR,2006–2015
80,9.827777777777778,-1.164877555555556,20.82043311111111,WR,2006–2015
81,9.827777777777778,-1.164877555555556,20.82043311111111,WR,2006–2015
82,9.827777777777778,-1.164877555555556,20.82043311111111,WR,2006–2015
83,9.827777777777778,-1.164877555555556,20.82043311111111,WR,2006–2015
84,9.827777777777778,-1.164877555555556,20.82043311111111,WR,2006–2015
85,9.827777777777778,-1.164877555555556,20.82043311111111,WR,2006–2015
86,9.827777777777778,-1.164877555555556,20.82043311111111,WR,2006–2015
87,9.827777777777778,-1.164877555555556,20.82043311111111,WR,2006–2015
88,9.827777777777778,-1.164877555555556,20.82043311111111,WR,2006–2015
89,9.827777777777778,-1.164877555555556,20.82043311111111,WR,2006–2015
90,9.827777777777778,-1.164877555555556,20.82043311111111,WR,2006–2015
91,9.827777777777778,-1.164877555555556,20.82043311111111,WR,2006–2015
92,9.827777777777778,-1.164877555555556,20.82043311111111,WR,2006–2015
94,9.827777777777778,-1.164877555555556,20.82043311111111,WR,2006–2015
95,9.827777777777778,-1.164877555555556,20.82043311111111,WR,2006–2015
97,5.5,-5.492655333333333,16.49265533333333,WR,2006–2015
99,4.5,-6.492655333333333,15.492655333333332,WR,2006–2015
5,13.0,5.587000000000001,20.413,WR,2016–2024
6,11.212962962962962,3.7999629629629625,18.62596296296296,WR,2016–2024
7,11.212962962962962,3.7999629629629625,18.62596296296296,WR,2016–2024
9,11.212962962962962,3.7999629629629625,18.62596296296296,WR,2016–2024
10,11.212962962962962,3.7999629629629625,18.62596296296296,WR,2016–2024
12,11.212962962962962,3.7999629629629625,18.62596296296296,WR,2016–2024
15,11.212962962962962,3.7999629629629625,18.62596296296296,WR,2016–2024
17,11.212962962962962,3.7999629629629625,18.62596296296296,WR,2016–2024
20,11.212962962962962,3.7999629629629625,18.62596296296296,WR,2016–2024
21,11.212962962962962,3.7999629629629625,18.62596296296296,WR,2016–2024
22,11.212962962962962,3.7999629629629625,18.62596296296296,WR,2016–2024
23,11.212962962962962,3.7999629629629625,18.62596296296296,WR,2016–2024
24,11.212962962962962,3.7999629629629625,18.62596296296296,WR,2016–2024
25,11.212962962962962,3.7999629629629625,18.62596296296296,WR,2016–2024
26,11.212962962962962,3.7999629629629625,18.62596296296296,WR,2016–2024
32,11.212962962962962,3.7999629629629625,18.62596296296296,WR,2016–2024
33,11.212962962962962,3.7999629629629625,18.62596296296296,WR,2016–2024
34,11.212962962962962,3.7999629629629625,18.62596296296296,WR,2016–2024
36,11.212962962962962,3.7999629629629625,18.62596296296296,WR,2016–2024
37,11.212962962962962,3.7999629629629625,18.62596296296296,WR,2016–2024
40,11.212962962962962,3.7999629629629625,18.62596296296296,WR,2016–2024
42,11.212962962962962,3.7999629629629625,18.62596296296296,WR,2016–2024
44,11.212962962962962,3.7999629629629625,18.62596296296296,WR,2016–2024
46,11.212962962962962,3.7999629629629625,18.62596296296296,WR,2016–2024
47,11.212962962962962,3.7999629629629625,18.62596296296296,WR,2016–2024
49,11.212962962962962,3.7999629629629625,18.62596296296296,WR,2016–2024
51,11.212962962962962,3.7999629629629625,18.62596296296296,WR,2016–2024
55,11.212962962962962,3.7999629629629625,18.62596296296296,WR,2016–2024
56,11.212962962962962,3.7999629629629625,18.62596296296296,WR,2016–2024
57,11.212962962962962,3.7999629629629625,18.62596296296296,WR,2016–2024
59,11.212962962962962,3.7999629629629625,18.62596296296296,WR,2016–2024
60,11.212962962962962,3.7999629629629625,18.62596296296296,WR,2016–2024
61,11.212962962962962,3.7999629629629625,18.62596296296296,WR,2016–2024
62,11.212962962962962,3.7999629629629625,18.62596296296296,WR,2016–2024
64,11.212962962962962,3.7999629629629625,18.62596296296296,WR,2016–2024
66,11.212962962962962,3.7999629629629625,18.62596296296296,WR,2016–2024
69,11.212962962962962,3.7999629629629625,18.62596296296296,WR,2016–2024
72,10.0,2.5870000000000006,17.413,WR,2016–2024
76,10.0,2.5870000000000006,17.413,WR,2016–2024
77,7.0,-0.4129999999999993,14.413,WR,2016–2024
79,7.0,-0.4129999999999993,14.413,WR,2016–2024
80,7.0,-0.4129999999999993,14.413,WR,2016–2024
81,7.0,-0.4129999999999993,14.413,WR,2016–2024
82,7.0,-0.4129999999999993,14.413,WR,2016–2024
84,7.0,-0.4129999999999993,14.413,WR,2016–2024
85,7.0,-0.4129999999999993,14.413,WR,2016–2024
86,7.0,-0.4129999999999993,14.413,WR,2016–2024
91,7.0,-0.4129999999999993,14.413,WR,2016–2024
92,7.0,-0.4129999999999993,14.413,WR,2016–2024
93,7.0,-0.4129999999999993,14.413,WR,2016–2024
96,7.0,-0.4129999999999993,14.413,WR,2016–2024
98,1.0,-6.412999999999999,8.413,WR,2016–2024
106,1.0,-6.412999999999999,8.413,WR,2016–2024
